session_id,condition,pre_opinion,post_opinion,opinion_change,open_ended_reflection,opinion_codes,trust_doubt_moment,trust_code,augmentation_reflection,autonomy_code
session_4ca6c1238b2b4abda792b591705e915e,neutral,2.0,6.0,4,Discussing the multiplier effect of individual actions and their potential to influence social norms was most influential.,T3,none,TR1,"The discussion felt more like a tool helping me think, as I was able to build upon my initial views with new information.",A1
session_6d1f4d37e5b643c7b11787434c646967,neutral,2.0,5.0,3,The conversation helped me see how individual actions can contribute to a broader cultural shift towards sustainability.,T3,none,TR1,"It felt like the discussion was helping me think through the topic, not just presenting information.",A1
session_219021e224394636b11589cd692ad33f,neutral,3.0,5.0,2,I realized that individual actions can have a significant impact when combined with larger-scale changes.,T2,none,TR1,The discussion felt more like a tool helping me think about the topic.,A1
session_02700163bb624e27ad68ac9d4e03c549,neutral,3.0,5.0,2,"I think I was most influenced by the discussion of how individual actions fit into a broader context, rather than being isolated.",T4,none,TR1,It felt more like we were exploring and finding solutions together.,A1
session_c62372d4fd48480fb10f0c19b88b14d2,neutral,3.0,5.0,2,The discussion highlighted the need for a multi-faceted approach to climate change mitigation.,T2+T4,none,TR1,It felt more like a tool helping me think.,A1
session_cd6df7c8c82242748e6ec8cebf4f04a2,neutral,4.0,6.0,2,[MISSING],[MISSING],[MISSING],[MISSING],[MISSING],[MISSING]
session_e5822e338a564ac9b2a889cc8b2b130d,neutral,4.0,5.0,1,[MISSING],[MISSING],[MISSING],[MISSING],[MISSING],[MISSING]
session_5b666d6f53544abf93e11c49e60334eb,neutral,4.0,5.0,1,The conversation made me realize the importance of individual actions in driving policy change.,T4,none,TR1,"Discussion felt more like a tool helping me think, as I was able to articulate my thoughts and build on them.",A1
session_d014f80a7c78407b9c23633727b07e1f,neutral,4.0,6.0,2,"The discussion made me realize that individual actions are important but also limited, and that systemic changes are necessary to make significant reductions in emissions.",T1,"When the thinking partner mentioned that even if every household replaced all their light bulbs with energy-efficient ones, it would only reduce overall emissions by around 1-2%",TR2,The discussion felt more like a tool helping me think through the topic rather than the thinking partner doing the thinking for me.,A1
session_7862ae8e15a444359b28f5b03c797672,neutral,4.0,5.0,1,The discussion helped me see the value of individual actions in driving broader cultural shifts towards sustainability.,T3,none,TR1,"It felt like a tool helping me think, as I was actively considering and weighing different perspectives.",A1
session_d58c2b98c62848a494b0c0a4d28fd51a,neutral,4.0,7.0,3,The conversation helped me see the value in individual actions contributing to larger systemic changes.,T1,none,TR1,It felt more like a tool helping me think through the topic.,A1
session_d2208faccf1e41dc9d4956e03d34a2eb,neutral,4.0,5.0,1,[MISSING],[MISSING],[MISSING],[MISSING],[MISSING],[MISSING]
session_14f4c9f0c7cc440b863ab3049fb2e8b0,neutral,4.0,5.0,1,[MISSING],[MISSING],[MISSING],[MISSING],[MISSING],[MISSING]
session_673014f831884b7d9702bcd48fcb4ba9,neutral,4.0,5.0,1,Realizing the importance of both individual and systemic changes helped me feel more hopeful about making a difference.,T1+T2,none,TR1,"The discussion felt like a tool helping me think, as my partner's input encouraged me to consider different perspectives.",A1
session_e981a06030ba4edc968d26ad3fff61e9,neutral,4.0,5.0,1,"I think my view on individual lifestyle changes being necessary to address climate change is shifting because I see how collective action can make a difference, but also recognize that bigger systemic changes are needed.",T1,none,TR1,It felt like the discussion was helping me think through the topic rather than doing the thinking for me.,A1
session_1b42284d11b844e5a537532fddf9c5d3,neutral,4.0,6.0,2,[MISSING],[MISSING],[MISSING],[MISSING],[MISSING],[MISSING]
session_2cd5216b1db54c279fc984d06387266e,neutral,4.0,5.0,1,"I was influenced by the idea that individual actions can create a cultural shift, leading to broader changes in behavior and policy.",T3,[MISSING],[MISSING],"The discussion felt more like a tool helping me think, as my thinking partner presented new perspectives and helped me synthesize information.",A1
session_d4255f1a354548de92c29fefc3f21cd2,neutral,4.0,6.0,2,[MISSING],[MISSING],[MISSING],[MISSING],[MISSING],[MISSING]
session_3bde8098963143e9a4952833cf5cb702,neutral,4.0,5.0,1,The discussion showed me how individual actions can be a catalyst for broader change.,T3,none,TR1,It felt more like the thinking partner was helping me think through the topic.,A1
session_1a484d5cb4d94fdab2040adf5f4c5d0d,neutral,4.0,6.0,2,I think the combination of individual actions and systemic changes is necessary to address climate change.,T1+T2,none,TR1,"It felt like a tool helping me think, but sometimes I needed time to process what you were saying.",A1
session_4527542e2fec4c11b3952a5f7263beb5,neutral,4.0,7.0,3,The discussion helped me see the value in individual actions and how they can collectively drive broader systemic changes. This perspective shift was most influential.,T1+T3,none,TR1,"It felt more like a tool helping me think, as our exchange allowed me to refine my understanding of the topic.",A1
session_e34206b960a04e78ab34428abda5e165,neutral,4.0,6.0,2,Discussion helped me see the importance of individual actions in driving systemic change.,T1,none,TR1,"Discussion felt like a tool helping me think through the topic, rather than thinking for me.",A1
session_01d30d3d3d3145b4bd6fe3978ab73ec0,neutral,4.0,5.0,1,The conversation's focus on the importance of both individual actions and systemic changes helped me see a more comprehensive approach to addressing climate change.,T1+T2,[MISSING],[MISSING],It felt like a tool helping me think.,A1
session_ff3f398d5cfa4c67b5c17677b89dd266,neutral,4.0,6.0,2,[MISSING],[MISSING],none,TR1,"The discussion felt more like a tool helping me think, as it encouraged me to consider different perspectives and nuances.",A1
session_c6c3690a0ef6406db9f72ca6016bf13d,neutral,4.0,7.0,3,The discussion made me realize the importance of individual actions in driving systemic change.,T1,none,TR1,It felt more like a tool helping me think through my own views and doubts.,A1
session_be4b737a82074b67bdbff94c2f3e7b29,neutral,4.0,4.0,0,The discussion helped me see the importance of systemic changes in addressing climate change.,T1,none,TR1,"It felt like a tool helping me think, but sometimes I worried it was doing too much of the thinking for me.",A2
session_d620bc979a4c4a11a257cda1b4b4b8ea,neutral,4.0,6.0,2,The combination of individual and systemic change approaches helped me understand the complexity of addressing climate change.,T1+T2+T4,none,TR1,"It felt like a tool helping me think, as I was able to weigh the pros and cons of different approaches.",A1
session_2beb50e6056349569484ee824401dce1,neutral,4.0,6.0,2,[MISSING],[MISSING],[MISSING],[MISSING],[MISSING],[MISSING]
session_f5c944c2b3124a93b07744176b22dae7,neutral,4.0,6.0,2,[MISSING],[MISSING],[MISSING],[MISSING],[MISSING],[MISSING]
session_250940e116254c559dd04c969afd7a72,neutral,4.0,6.0,2,Seeing the importance of systemic change in addition to individual actions helped me shift my view.,T1,none,TR1,The discussion felt like a tool helping me think through the topic.,A1
session_6d48392607494cc8871c95d8e8702222,neutral,4.0,5.0,1,"The moment that most influenced my thinking was when you mentioned the tipping point approach, where grassroots efforts build momentum and push decision-makers to implement more comprehensive solutions.",T2+T3,none,TR1,"It felt like a tool helping me think, as I was able to consider new perspectives and reflect on my own views.",A1
session_ca7a1afd3e004f2880acad910e404106,neutral,4.0,6.0,2,[MISSING],[MISSING],[MISSING],[MISSING],[MISSING],[MISSING]
session_732084a878ab494e9c1b18ff9a9d9c5a,neutral,4.0,5.0,1,Seeing the collective impact of individual actions helped me understand their value in addressing climate change.,T3,none,TR1,"The discussion felt like a tool helping me think through the topic, but I did feel some influence from my thinking partner's perspectives.",A2
session_4648de73f55c463bab33a7adf79c283c,neutral,4.0,5.0,1,The discussion helped me see the value in combining individual actions with policy support.,T4,none,TR1,It felt like a tool helping me think through the topic.,A1
session_9ccce20eb35f422296f881a4aa57a79a,neutral,5.0,6.0,1,Realizing the multiplier effect of individual actions and combining them with collective efforts helped me see the bigger picture.,T3+T4,[MISSING],[MISSING],"Discussion felt more like a tool helping me think, as I was able to explore my own ideas and build upon them.",A1
session_4d945e89cac04fc1b0aab3f8cf9646ab,neutral,5.0,6.0,1,The nuanced discussion helped me see that individual actions can add up to significant changes over time.,T4,[MISSING],[MISSING],It felt more like a tool helping me think.,A1
session_98656e8b961444828ca3e559e16f9e77,neutral,5.0,6.0,1,Realizing the interdependence between individual actions and systemic change influenced my thinking.,T1,none,TR1,Discussion felt like a tool helping me think.,A1
session_1314b503adc641ceb9f50762d5449699,neutral,5.0,6.0,1,Seeing the collective impact of individual actions helped me feel more motivated to make sustainable choices.,T3,[MISSING],[MISSING],"Discussion felt like a tool helping me think, as my partner's points made me consider new perspectives.",A1
session_a38d1f6094c34cc8bd5e724b9068c641,neutral,5.0,2.0,-3,"The discussion helped me see the importance of systemic changes in addressing climate change, and how individual actions can be a catalyst for larger shifts.",T1+T3,[MISSING],[MISSING],"It felt like the thinking partner was helping me think through the topic, pointing out important considerations I hadn't thought about.",A1
session_9a28491ad9094e1c9276eaed4d97ddc9,neutral,5.0,6.0,1,The discussion helped me see the importance of balancing individual actions with systemic changes.,T1,none,TR1,"It felt like a tool helping me think, as it challenged my views and encouraged me to consider different perspectives.",A1
session_c7bbdfa934044134a4b3b7581c1b7d34,neutral,5.0,6.0,1,[MISSING],[MISSING],[MISSING],[MISSING],[MISSING],[MISSING]
session_d2abf703dbe745a185ddc32d91762286,neutral,5.0,6.0,1,The thinking partner's arguments and points made me realize the importance of individual actions in creating a ripple effect.,T3,none,TR1,It felt like a tool helping me think.,A1
session_c1bf7bb92cee42a18a49876267cbd6dc,neutral,5.0,6.0,1,The thinking partner's points about systemic changes and individual actions working together really resonated with me.,T1+T2,none,TR1,[MISSING],[MISSING]
session_b856b0ff6fc04cc1976f7a47e75ccdf4,neutral,5.0,5.0,0,[MISSING],[MISSING],[MISSING],[MISSING],[MISSING],[MISSING]
session_99ed367f34014ae4bfe9a445ad24c430,neutral,5.0,6.0,1,The discussion helped me see the value of policy-led solutions in addressing climate change.,T4,none,TR1,"It felt more like a tool helping me think, as it made me consider multiple perspectives and approaches.",A1
session_742aef86844e41b69378d3abc5ec1ecd,neutral,5.0,7.0,2,Realizing that individual actions need to be combined with broader societal and policy changes helped me understand the complexity of climate change.,T1+T2+T4,none,TR1,"The discussion felt more like a tool helping me think, as it challenged my initial view and made me consider new perspectives.",A1
session_8f6cde6aec804a51bb9e88eca1dfe396,neutral,5.0,6.0,1,I was influenced by the examples of how individual actions can have a cumulative effect when combined with policy changes.,T1+T2+T3,none,TR1,"The discussion felt more like a tool helping me think, as I was encouraged to consider different perspectives and weigh my own opinions.",A1
session_9059b5e3baf64792a366c1e7705b8588,neutral,5.0,6.0,1,[MISSING],[MISSING],[MISSING],[MISSING],[MISSING],[MISSING]
session_0ae5d52464d04f3e823db3a89b246bf3,neutral,5.0,7.0,2,Realizing the potential for collective impact on climate change was a key moment.,T3,none,TR1,Discussion felt like a tool helping me think through my views.,A1
session_6498a131fb1a4bf3a469acec81a9f839,neutral,5.0,6.0,1,Discussing individual vs systemic changes helped me see the value of collective action.,T1,none,TR1,Discussion felt more like a tool helping me think through ideas.,A1
session_e0776417ead54d85a9e62e49ad8371cc,neutral,6.0,7.0,1,I was most influenced by seeing how individual actions can have a multiplier effect when combined with policy changes.,T1+T2+T3,none,TR1,"The discussion felt like a tool helping me think, as I was actively considering the points and adjusting my view accordingly.",A1
session_1dac02f7141d48ffbf48d23e76f90ba3,neutral,6.0,4.0,-2,The discussion helped me see the limitations of individual action and the need for systemic changes.,T1,I questioned how effective individual actions like reducing meat consumption could be in driving significant emissions reductions without broader policy changes.,TR3,"It felt more like a tool helping me think, as we explored different perspectives and ideas together.",A1
session_f1139aca2c2d4f39ab1134566c3cc96f,neutral,,,0,[MISSING],[MISSING],[MISSING],[MISSING],[MISSING],[MISSING]
session_a244d65f83e54b46abafb4e6547b098a,socratic,2.0,5.0,3,[MISSING],[MISSING],[MISSING],[MISSING],[MISSING],[MISSING]
session_35c5c625bb3f4d108e8a4103cf3671a9,socratic,2.0,4.0,2,Discussing data-driven outcomes and their potential impact helped me reconsider my initial stance.,T4,[MISSING],[MISSING],"The discussion felt more like a tool helping me think, as I was encouraged to consider different perspectives.",A1
session_4db0c872aa104b6d8de5ce59d54c55b8,socratic,3.0,6.0,3,"I was most influenced by the idea that individual actions can have a ripple effect, but that policy changes are also crucial.",T1+T3,none,TR1,It felt like the discussion was helping me think through the topic rather than doing the thinking for me.,A1
session_2293fd31842049be9c292593c979d028,socratic,3.0,5.0,2,The discussion helped me see the value in community-led initiatives and local policies supporting sustainable lifestyles.,T4,"When my partner said that individual actions can add up over time, I doubted it at first but then realized it's true.",TR2,The discussion felt more like a tool helping me think through the topic rather than someone thinking for me.,A1
session_96e78cbb43a94b50af7f682d1f786bce,socratic,3.0,5.0,2,[MISSING],[MISSING],[MISSING],[MISSING],[MISSING],[MISSING]
session_52b39d1ee298438ea95cc1bcb8ddd35a,socratic,3.0,5.0,2,The discussion made me think about how individual actions can build momentum and eventually drive systemic change.,T1+T3,none,TR1,"It felt more like a tool helping me think, but there were moments when I questioned the thinking partner's perspective.",A1
session_b199566cdec14ddfa40e8a64cd53e212,socratic,3.0,4.0,1,"Seeing the value in individual actions, even when combined with a sense of collective responsibility.",T2,none,TR1,It felt more like a tool helping me think.,A1
session_e4ffd52ae85e41b898086cc360e2410b,socratic,4.0,5.0,1,"The discussion made me realize that individual actions can have a snowball effect, but it's also important to consider collective efforts.",T3,[MISSING],[MISSING],It felt more like the thinking partner was helping me think through the topic.,A1
session_ba29423ce127415eba9dfd220876782c,socratic,4.0,5.0,1,[MISSING],[MISSING],[MISSING],[MISSING],[MISSING],[MISSING]
session_75db14af87dd44daad868179ff252f40,socratic,4.0,5.0,1,Realizing that individual actions can be a catalyst for broader systemic change was a key moment.,T1+T3,none,TR1,"It felt like we were working together, using the thinking partner as a tool to explore my thoughts.",A1
session_921a63ac2f314dfca2d6e74d40c22d49,socratic,4.0,5.0,1,Discussing the importance of collective momentum in driving systemic change helped me think more critically about individual actions.,T1+T3+T4,[MISSING],[MISSING],"The discussion felt like a tool helping me think through the topic, but I sometimes wondered if my thinking partner was leading me towards a specific conclusion.",A2
session_3707c7b8d6274ff7b68c8440632b0f0d,socratic,4.0,5.0,1,[MISSING],[MISSING],[MISSING],[MISSING],[MISSING],[MISSING]
session_ab371c5da938457d8481e588a7440e95,socratic,4.0,5.0,1,[MISSING],[MISSING],[MISSING],[MISSING],[MISSING],[MISSING]
session_acb24f8ee09b42e090ff1fa914eee9af,socratic,4.0,4.0,0,Considering systemic barriers made me think more critically about individual actions' impact.,T1+T4,none,TR1,[MISSING],[MISSING]
session_7fc6dcd2172043668cab5497518172c4,socratic,4.0,5.0,1,"The discussion helped me see the potential for individual actions to create momentum, but also the need for clear goals and tangible results.",T3,[MISSING],[MISSING],"It felt like a tool helping me think, as I was able to articulate my own views and doubts more clearly.",A1
session_c9fb46ade69e460dabf1a9267a1ccb01,socratic,4.0,5.0,1,The conversation helped me see individual efforts as part of a larger cultural shift.,T3,none,TR1,"Felt like the discussion was helping me think through my own ideas, but also provided useful frameworks for considering individual vs collective impact.",A1
session_801243f0c3c74d17a62a214e46e2d921,socratic,4.0,5.0,1,The discussion helped me see the importance of individual actions in building momentum for policy change.,T3,[MISSING],[MISSING],"It felt more like a tool helping me think through the topic, but there were moments where I wasn't sure if we were having a meaningful exchange or just going through the motions.",A2
session_4dd4c2cac21849fcbec4ff2c96ece1fe,socratic,4.0,5.0,1,[MISSING],[MISSING],[MISSING],[MISSING],[MISSING],[MISSING]
session_f52fd7454eae46759ac707494d5b6992,socratic,4.0,6.0,2,Reflecting on the discussion helped me understand how individual actions can influence social norms and drive systemic change.,T1+T3,none,TR1,"The discussion felt more like a tool helping me think, as partner's questions and points made me consider new perspectives.",A1
session_39bea3c6bff342dc973fadeb3c907bf1,socratic,4.0,6.0,2,Discussing the ripple effect of individual actions helped me see their potential to drive broader systemic changes.,T1+T3,none,TR1,The discussion felt like a tool helping me think through my own perspectives and ideas.,A1
session_f60e44d40d894765b112cae9b73db18a,socratic,4.0,,-4,Realizing that individual actions can influence systemic change helped me shift my perspective on the importance of personal choices.,T1,none,TR1,"It felt like a tool helping me think through different perspectives, rather than just presenting new information.",A1
session_7d96c8b70a3d42878415b77decd84156,socratic,4.0,6.0,2,[MISSING],[MISSING],[MISSING],[MISSING],[MISSING],[MISSING]
session_103c066fd599470399a122d112b9d750,socratic,4.0,5.0,1,"Reflecting on the discussion, I started to see individual actions as a catalyst for broader systemic change.",T1+T3,[MISSING],[MISSING],"The discussion felt like a tool helping me think, allowing me to explore new perspectives and insights.",A1
session_1fb2dcdc0ab44b1b8a620324990b9a8f,socratic,4.0,5.0,1,"The discussion helped me see individual actions as part of a larger system, not just isolated efforts.",T4,none,TR1,"It felt more like a tool helping me think, especially when discussing the importance of systemic changes.",A1
session_5e28e853300c418ca1524e3bc5ecedb8,socratic,4.0,6.0,2,Considering institutions' role and potential for collective impact influenced my thinking.,T3,none,TR1,"Discussion felt like a tool helping me think, considering different perspectives.",A1
session_49a9b1abc1e6460393607d21b96271f9,socratic,4.0,5.0,1,I gained confidence that individual actions are part of a broader solution when I see collective momentum.,T3,[MISSING],[MISSING],"The discussion felt like a tool helping me think, making connections and challenging my assumptions.",A1
session_5a211757ae3c4005af223f40d3dd9899,socratic,4.0,5.0,1,Seeing the interplay between individual and systemic actions helped me shift my perspective.,T4,none,TR1,"Discussion felt more like a tool helping me think, as we explored different perspectives together.",A1
session_79d98d3750274cb6a53c36fa84605eed,socratic,4.0,5.0,1,[MISSING],[MISSING],[MISSING],[MISSING],[MISSING],[MISSING]
session_13da026406fe49c9af9df14239481ed3,socratic,4.0,5.0,1,"Realizing that individual actions can be a catalyst for change, not just a response to it.",T3,[MISSING],[MISSING],Discussion felt more like a tool helping me think.,A1
session_c2fb21916c9c4864957d12aee683fa30,socratic,4.0,5.0,1,[MISSING],[MISSING],[MISSING],[MISSING],[MISSING],[MISSING]
session_211cab96140744be9d599757eb19213c,socratic,4.0,5.0,1,Realizing the importance of psychological and social value connected to individual actions changed my perspective.,T4,[MISSING],[MISSING],"Discussion felt more like a tool helping me think, especially when considering unintended consequences.",A1
session_a6f0e9e9b4404ad7aa8927459673b825,socratic,4.0,5.0,1,[MISSING],[MISSING],[MISSING],[MISSING],[MISSING],[MISSING]
session_9f880777262d45c79514b3b2029167b3,socratic,4.0,4.0,0,The discussion helped me see the importance of systemic changes in addressing climate change.,T1,none,TR1,"It felt like a tool helping me think, but sometimes I worried it was leading me to certain conclusions.",A2
session_a285e05ce9c844e2934495a1aec34d86,socratic,4.0,6.0,2,The conversation helped me see the importance of both individual and systemic changes in addressing climate change.,T1+T2,none,TR1,"It felt more like a tool helping me think, as it challenged my initial views and made me consider new perspectives.",A1
session_6050960485574abcb43dd029debce7ce,socratic,4.0,5.0,1,"Realizing individual actions are more responsive to systemic conditions, rather than drivers of change themselves, influenced my thinking.",T4,[MISSING],[MISSING],Discussion felt like a tool helping me think.,A1
session_3243ccac881b4f5596269ea038b07aae,socratic,4.0,5.0,1,I was most influenced by the discussion's exploration of individual actions within a broader policy context.,T4,none,TR1,The discussion felt like a tool helping me think through the topic.,A1
session_57e1687182934edf92117964f617cd7e,socratic,4.0,5.0,1,[MISSING],[MISSING],[MISSING],[MISSING],[MISSING],[MISSING]
session_88e89eafb708437687d02f6a293cd826,socratic,4.0,6.0,2,Discussing the limitations of individual actions and the need for collective action helped me think more critically about climate change.,T1+T4,[MISSING],[MISSING],"The discussion felt like a tool helping me think, as I was able to build on my partner's questions and ideas.",A1
session_ed5ececedaf24e19a20687de9b90f775,socratic,5.0,5.0,0,"The discussion made me realize the importance of addressing systemic issues alongside individual actions, and how collective action can drive change.",T1+T2,none,TR1,It felt more like a tool helping me think through my own perspectives.,A1
session_c09eb109248747c9b735aefbbfcd913f,socratic,5.0,6.0,1,I was influenced by the discussion's emphasis on collective action and community-led initiatives.,T4,none,TR1,The discussion felt more like a tool helping me think through my own thoughts and ideas.,A1
session_8f16166f5cc442049a1848d7d0c41fdf,socratic,5.0,6.0,1,[MISSING],[MISSING],[MISSING],[MISSING],[MISSING],[MISSING]
session_e43e0b7dd9f84ed2b51213b239d9b541,socratic,5.0,6.0,1,[MISSING],[MISSING],[MISSING],[MISSING],[MISSING],[MISSING]
session_2fa9728fd3d741ddb22067b156d90f14,socratic,5.0,5.0,0,I think what most influenced my thinking was the idea that individual actions can create pressure for policy changes.,T1,none,TR1,The discussion felt more like a tool helping me think through the topic.,A1
session_0336ff0198b04101b8df7112ea776cc6,socratic,5.0,6.0,1,"Considering the collective impact of individual actions and social norms, I'm more inclined to believe in their significance.",T3,none,TR1,"The discussion felt like a tool helping me think, as my partner's questions nudged me towards considering different perspectives.",A1
session_3845044d44b84e1dbbe2d9ec3ceb12e7,socratic,5.0,4.0,-1,Realizing individual lifestyle changes' role in influencing social norms was the most influential aspect of our discussion.,T3,[MISSING],[MISSING],"Discussion felt more like a tool helping me think, as I had to weigh the pros and cons and come up with my own conclusions.",A1
session_aa315e99ca58443ea0a8974ef2f6d9ff,socratic,5.0,5.0,0,"Reflecting on the discussion, I realized that individual lifestyle changes are often assumed to be universally possible and effective, which isn't always true.",T4,none,TR1,The discussion felt like a tool helping me think through my own thoughts and assumptions.,A1
session_ab45a4c2909b461b9e785a3c3bdf2274,socratic,5.0,5.0,0,"Considering the discussion, I think individual actions are necessary but not sufficient to address climate change.",T4,none,TR1,It felt like a tool helping me think through the topic.,A1
session_25bf641f9dd8461d83809cb1ea27d239,socratic,5.0,6.0,1,"The discussion helped me see that individual actions can be part of a larger strategy for systemic change, rather than just personal feelings of efficacy.",T1,[MISSING],[MISSING],It felt more like the thinking partner was helping me think through the topic and consider new perspectives.,A1
session_1d80a83b53ab4db2a4fed6891e0a86ef,socratic,5.0,5.0,0,"I realized that individual lifestyle changes have value beyond just their impact on climate change, which helped me solidify my view.",T5,none,TR1,The discussion felt more like a tool helping me think through the topic and consider different perspectives.,A1
session_8071b7d869104bfdbfa783c292506713,socratic,5.0,6.0,1,The thinking partner's questions about scalability and community ownership helped me see the bigger picture.,T4,[MISSING],[MISSING],"Discussion felt more like a tool helping me think, as the thinking partner asked open-ended questions.",A1
session_4fb5925fb56545689fece05b8922bb78,socratic,5.0,6.0,1,[MISSING],[MISSING],[MISSING],[MISSING],[MISSING],[MISSING]
session_c2b6195f13e04625bde8e9c20bb96ad6,socratic,6.0,6.0,0,Seeing the potential for individual actions to drive broader change was key in my thinking.,T3,none,TR1,"Discussion felt like a tool helping me think, identifying relationships between individual and systemic changes.",A1
session_d041512af4b741b08ad5e18ca69df73b,socratic,6.0,6.0,0,The discussion helped me clarify the importance of individual actions in addressing climate change.,T4,[MISSING],[MISSING],It felt more like a tool helping me think through my views.,A1
session_744fb3d70b6a4971b948dcb117643d41,steelman,2.0,,-2,[MISSING],[MISSING],[MISSING],[MISSING],[MISSING],[MISSING]
session_97b8095caa5940c8868b1ce17c06c304,steelman,3.0,5.0,2,[MISSING],[MISSING],[MISSING],[MISSING],[MISSING],[MISSING]
session_179643490eae4c7990e5d05fc301f171,steelman,3.0,2.0,-1,I was influenced by the points about individual actions being insufficient and counterproductive.,T1,none,TR1,"The discussion felt like a tool helping me think, as I was able to challenge and support my own views.",A1
session_f402061befe04da3a62862a427853d9c,steelman,3.0,4.0,1,Considering systemic changes and potential for individual actions to build momentum influenced my thinking.,T1+T3,[MISSING],[MISSING],"Discussion felt like a tool helping me think through complexities, rather than the partner doing the thinking for me.",A1
session_4b368fb1bd00443b8e5d5b975dd87dbf,steelman,3.0,4.0,1,The opposing argument about systemic changes and unequal access to resources really made me think.,T1,"When my partner mentioned 'carbon colonialism', I started questioning the focus on individual actions.",TR3,"It felt like a tool helping me think, as we both contributed to the conversation.",A3
session_763100936f77487cbcff614513773d68,steelman,3.0,3.0,0,"I was influenced by the argument that individual actions can create social norms and influence consumer demand, but also by the point that they often divert attention away from systemic causes.",T1+T3,none,TR1,"Discussion felt like a tool helping me think, as I was encouraged to consider different perspectives and weigh their merits.",A1
session_1920ec9bb11743c6a00ade6d54f85df8,steelman,3.0,4.0,1,My partner's points about cumulative effect and the importance of collective action were key in shifting my perspective.,T3,When my partner mentioned that individual actions can perpetuate unsustainable practices elsewhere.,TR2,"The discussion felt more like a tool helping me think, as I was able to build upon my partner's points and consider new perspectives.",A1
session_ea7c96812db94422ab88f7f028bae67b,steelman,3.0,,-3,The conversation made me realize that individual actions are often insufficient in driving meaningful change due to systemic flaws and power imbalances.,T1+T2,"When my partner mentioned 'greenwashing' or 'eco-apartheid', I started questioning the effectiveness of individual lifestyle changes.",TR3,"The discussion felt more like a tool helping me think, as it challenged my initial views and made me consider new perspectives.",A1
session_1eccbdfc60eb43709349a0bc5d099ee3,steelman,4.0,5.0,1,Considering the potential drawbacks of individualism and systemic limitations was most influential for me.,T1,none,TR1,It felt more like a tool helping me think.,A1
session_6e33b3e14b6843b1af3903ecfe49d1cc,steelman,4.0,2.0,-2,The thinking partner's points about systemic factors and policy shifts helped me see the limitations of individual actions.,T1,none,TR1,Discussion felt like a tool helping me think through the topic.,A1
session_3a6f1215df5c4e45994343a5f1da4fb9,steelman,4.0,6.0,2,[MISSING],[MISSING],[MISSING],[MISSING],[MISSING],[MISSING]
session_96beb479777c4479920bb576ec2c2486,steelman,4.0,2.0,-2,"The opposing view's emphasis on systemic constraints and limitations of individual actions resonated with me, influencing my thinking.",T1,none,TR1,It felt like a tool helping me think through the topic.,A1
session_d16f19ed84e348868b1b088020ded549,steelman,4.0,2.0,-2,The discussion made me realize that individual actions are not enough to address climate change and that systemic solutions are necessary.,T1,When the thinking partner pointed out that individual actions can have a rebound effect and offset gains with other environmentally destructive behaviors.,TR2,[MISSING],[MISSING]
session_d2fc5241415546aa975eadcf273519d8,steelman,4.0,4.0,0,The limitations of individual actions and the need for systemic changes were most influential on my thinking.,T1,[MISSING],[MISSING],It felt more like a tool helping me think.,A1
session_b73857a4ef504802a5959cc7fc625f42,steelman,4.0,4.0,0,"I realized the importance of collective action and advocacy in addressing climate change, rather than relying solely on individual efforts.",T4,When my thinking partner mentioned that individual actions might legitimize or distract from systemic change.,TR2,The discussion felt more like a tool helping me think through the topic.,A1
session_e03bea3260224009bb13b6221feae39b,steelman,4.0,4.0,0,"I realized that individual actions are crucial, but insufficient to address climate change on their own, and we need more fundamental transformations in our society and economy.",T1,none,TR1,"The discussion felt like a tool helping me think, as I was able to consider multiple perspectives and come up with my own conclusion.",A1
session_9bb8a3151a9945ffb35677046a1799be,steelman,4.0,6.0,2,[MISSING],[MISSING],[MISSING],[MISSING],[MISSING],[MISSING]
session_3612b8ddcdfd416b85cb10aed9601423,steelman,4.0,3.0,-1,The discussion helped me see the value in prioritizing policy-driven solutions over individual actions.,T1,none,TR1,"The discussion felt more like a tool helping me think, as I was able to weigh the pros and cons of different approaches.",A1
session_b03dc918aa3b4ca6bc6176d9c2936888,steelman,4.0,2.0,-2,[MISSING],[MISSING],[MISSING],[MISSING],[MISSING],[MISSING]
session_0c8386d65b3045b4a1ee98ff9ecb0149,steelman,4.0,4.0,0,"The most influential aspect was considering the limitations and potential consequences of individual actions, which made me more cautious.",T4,none,TR1,"It felt like a tool helping me think through the topic, providing new insights and perspectives to consider.",A1
session_f4915e179665431298c55ae7375f6c8d,steelman,4.0,4.0,0,The discussion made me see the limitations of individual lifestyle changes and the need for systemic change.,T1,none,TR1,[MISSING],[MISSING]
session_eae9943516d54be1a685533be5ef7830,steelman,4.0,5.0,1,[MISSING],[MISSING],[MISSING],[MISSING],"The discussion felt like a tool helping me think, it was not the thinking partner doing the thinking for me.",A1
session_7eaed382639048d7930366b0e225cc7c,steelman,4.0,5.0,1,"The discussion made me realize that individual actions have limitations, but can still be a useful catalyst for broader change.",T3,none,TR1,"It felt like the discussion was a tool helping me think through the topic, rather than the partner doing all the thinking.",A1
session_e590d677f7bc495e900b2ea4c5243757,steelman,4.0,2.0,-2,Realizing the limitations of individual actions and how corporate interests can manipulate the narrative was a key influence on my thinking.,T1,"When you mentioned that even if every individual in developed countries adopted a highly reduced lifestyle, it's unlikely they could collectively reduce their emissions by more than 10-20%",TR2,"The discussion felt like a tool helping me think, and I appreciated the points raised about corporate manipulation of the narrative around climate change.",A1
session_9ce1eea7495448338ca4ac89bb65ae26,steelman,4.0,2.0,-2,"The discussion made me realize how individual actions are often overshadowed by systemic issues, which influenced my thinking.",T1,none,TR1,It felt more like the AI was helping me think and explore different perspectives rather than doing the thinking for me.,A1
session_4de135e67d344b8b9c1d0057d189cd7b,steelman,4.0,6.0,2,[MISSING],[MISSING],[MISSING],[MISSING],[MISSING],[MISSING]
session_835fd2725ca54107ba714ed262e37a86,steelman,4.0,2.0,-2,I was influenced by the discussion's emphasis on systemic transformations and how individual actions can be a form of 'solutionism'.,T1,none,TR1,"The discussion felt more like a tool helping me think through the topic, with my thinking partner providing well-reasoned arguments that challenged my initial view.",A1
session_f50c10ea8acb4319944987593bf3f99e,steelman,4.0,6.0,2,The discussion helped me see the interconnectedness of individual choices and broader societal changes.,T4,none,TR1,"The discussion felt more like a tool helping me think through the topic, rather than the thinking partner doing the thinking for me.",A1
session_ce0a8b4dfd80425c959fd06eb490584e,steelman,4.0,4.0,0,The discussion made me realize that personal responsibility and collective action need to work together for meaningful progress on climate issues.,T2,I questioned whether individual actions could truly drive significant change without systemic support.,TR3,[MISSING],[MISSING]
session_ac6cb59c5b364969ac0c240f4c0b6df4,steelman,4.0,2.0,-2,[MISSING],[MISSING],[MISSING],[MISSING],[MISSING],[MISSING]
session_f9d4f6ef06fd4ee88d323497f367d1bb,steelman,4.0,2.0,-2,The research and data presented helped me realize the limitations of individual actions.,T1,[MISSING],[MISSING],"Discussion felt like a tool helping me think through the topic, not just presenting information.",A1
session_6c72c6bf33f4464a845763c2078d2aab,steelman,4.0,4.0,0,[MISSING],[MISSING],[MISSING],[MISSING],[MISSING],[MISSING]
session_5f13a395c1f540abbdfe69c04fb9d5a2,steelman,4.0,4.0,0,I gained a better understanding of the limitations and complexities of addressing climate change through individual actions.,T4,none,TR1,"Discussion felt like a tool helping me think, but also highlighted potential pitfalls and limitations.",A1
session_c54c497a56e542f9be53c2e264fa2d43,steelman,5.0,2.0,-3,"The discussion made me realize how individual actions might inadvertently hinder systemic change efforts, which greatly influenced my thinking.",T1,none,TR1,"It felt more like a tool helping me think, but I also felt the thinking partner was doing some of the heavy lifting at times.",A2
session_e57fd22413ed4c1898084dc0d9700c94,steelman,5.0,4.0,-1,[MISSING],[MISSING],[MISSING],[MISSING],[MISSING],[MISSING]
session_46b5c69d2f504d4a8c689147d3924b0d,steelman,5.0,5.0,0,"The discussion made me consider the complexities and limitations of individual actions in addressing climate change, and how they need to be complemented by systemic reforms.",T1+T2+T4,none,TR1,The discussion felt like a tool helping me think through the topic.,A1
session_a4efe828c8e148b9b09821601a93667c,steelman,5.0,5.0,0,Considering multiple perspectives helped me see the complexity of individual actions in addressing climate change.,T4,none,TR1,"Discussion felt more like a tool helping me think, considering different viewpoints and weighing arguments.",A1
session_d36552d7cb5b4211bb19c41281f287a6,steelman,5.0,2.0,-3,[MISSING],[MISSING],[MISSING],[MISSING],[MISSING],[MISSING]
session_e2f87dba1795421396d1348f8b308388,steelman,5.0,5.0,0,The discussion helped me see the importance of balancing personal choices with collective action and systemic transformations.,T4,none,TR1,It felt more like a tool helping me think.,A1
session_c79b6d9467714c57863ab5d01847ecf6,steelman,5.0,2.0,-3,My thinking partner's points about the limitations of individual action and the importance of systemic change really resonated with me.,T1,none,TR1,"The discussion felt more like a tool helping me think, as I was able to process and evaluate my own views in response to my thinking partner's points.",A1
session_7e2db7961e8f4dd28227bad70639069b,steelman,5.0,5.0,0,Realizing the interplay between individual and collective action helped me become more nuanced in my thinking.,T4,none,TR1,Discussion felt like a tool helping me think through different perspectives.,A1
session_8ddd1c5df3d6492f95c67fe694866bc1,steelman,5.0,6.0,1,I was influenced by the thinking partner's points about systemic changes and the need to hold institutions accountable.,T1,none,TR1,"It felt more like a tool helping me think, as I weighed their points against my own views.",A1
session_3fe49a4d4c6a43159689483f7bc9b104,steelman,5.0,4.0,-1,The opposing view's emphasis on the scale of the problem and systemic barriers made me think about individual actions in a new light.,T1+T4,none,TR1,It felt more like a tool helping me think through the topic.,A1
session_5a37450f763b4be2b4f31586e7cc47aa,steelman,5.0,4.0,-1,I was influenced by the opposing argument that individual lifestyle changes can be co-opted or have unintended consequences.,T1,none,TR1,The discussion felt like a tool helping me think through my own views and biases.,A1
session_1e8a42d3795f4a54a8bd3008dc554192,steelman,5.0,5.0,0,Discussing the limitations of individual actions made me think more critically about my initial view.,T1+T4,none,TR1,The discussion felt like a tool helping me think through the topic,A1
session_c5e5b45ba0184310bc6af71637361372,steelman,5.0,4.0,-1,"The discussion made me realize that individual actions might be insufficient to drive meaningful climate change solutions, and that a more nuanced approach is needed.",T1+T4,[MISSING],[MISSING],The discussion felt like a tool helping me think through the topic,A1
session_c0643e03a56a48f5a387c8b500b6a240,steelman,5.0,6.0,1,I was influenced by the idea that individual actions can create momentum for systemic change.,T1+T3,[MISSING],[MISSING],The discussion felt more like a tool helping me think.,A1
session_42ed050ba51e405ab2d64fd3b2174397,steelman,5.0,5.0,0,"The discussion helped me see the complexity of individual actions in addressing climate change, and how they might be necessary but not sufficient on their own.",T4,I doubted whether individual lifestyle changes would still matter if systemic changes were made.,TR3,"It felt like a tool helping me think through the topic, especially when my thinking partner highlighted the potential drawbacks of individual actions.",A1
session_ff2408145c8e4d3c8cc357be7af52085,steelman,5.0,4.0,-1,[MISSING],[MISSING],[MISSING],[MISSING],[MISSING],[MISSING]
session_c86b48b80baa43cd963d59ad87468eeb,steelman,5.0,5.0,0,"The discussion helped me see the value of individual actions in driving systemic change, but I still have concerns about their limitations.",T1,none,TR1,"It felt more like a tool helping me think, as my thinking partner presented opposing arguments and encouraged me to consider multiple perspectives.",A1
session_6e9d1295b42946e5bc592b2aa0c89c66,steelman,5.0,5.0,0,The discussion helped me see the importance of balancing individual actions with broader systemic changes.,T1,[MISSING],[MISSING],"It felt like a tool helping me think through the topic, especially when considering the limitations of individual actions.",A1
session_6d4fc2fe9db14c85a31327c8a4c1554d,steelman,5.0,4.0,-1,"The discussion helped me see the importance of individual actions in driving broader cultural shifts, but also emphasized systemic barriers and limitations.",T1+T3,none,TR1,Discussion felt like a tool helping me think through the topic,A1
session_d9f5474358ad4362a36a4fdbc5c33736,steelman,5.0,6.0,1,The thinking partner's ability to provide a balanced view and counterarguments helped me think more critically about the topic.,T2+T4,[MISSING],[MISSING],"Discussion felt like a tool helping me think, as I was actively engaging with the ideas presented by the thinking partner.",A1
session_49e1a29bdbed4dbb9ed8d78582e6ed29,steelman,6.0,2.0,-4,The discussion made me realize the limitations of individual actions and the importance of systemic change.,T1,"I doubted when my partner mentioned rebound effects, but they provided good examples that helped me reconsider.",TR3,It felt like a tool helping me think through the topic.,A1
session_cf6b57a042e44469a90e94ead296b564,steelman,6.0,4.0,-2,Discussing the limitations of individual actions and the importance of collective efforts helped me see climate change as a more complex issue.,T1+T4,none,TR1,"The discussion felt like a tool helping me think through my views, but there were moments where I leaned on the thinking partner's arguments.",A2
